<?xml version="1.0" encoding="UTF-8"?>
<!DOCTYPE mapper PUBLIC "-//mybatis.org//DTD Mapper 3.0//EN" "http://mybatis.org/dtd/mybatis-3-mapper.dtd">

<mapper namespace="com.dao.NianjiDao">

	<!-- 可根据自己的需求，是否要使用 -->
    <resultMap type="com.entity.NianjiEntity" id="nianjiMap">
        <result property="nianji" column="nianji"/>
    </resultMap>

	<select id="selectListVO"
		resultType="com.entity.vo.NianjiVO" >
		SELECT * FROM nianji  nianji         
        <where> 1=1 ${ew.sqlSegment}</where>
	</select>
	
	<select id="selectVO"
		resultType="com.entity.vo.NianjiVO" >
		SELECT  nianji.* FROM nianji  nianji 	
 		<where> 1=1 ${ew.sqlSegment}</where>
	</select>

    <select id="selectListView"
		resultType="com.entity.view.NianjiView" >

		SELECT  nianji.* FROM nianji  nianji 	        
        <where> 1=1 ${ew.sqlSegment}</where>
	</select>
	
	<select id="selectView"
		resultType="com.entity.view.NianjiView" >
		SELECT * FROM nianji  nianji <where> 1=1 ${ew.sqlSegment}</where>
	</select>
	

</mapper>
