<?xml version="1.0" encoding="UTF-8"?>
<!DOCTYPE mapper PUBLIC "-//mybatis.org//DTD Mapper 3.0//EN" "http://mybatis.org/dtd/mybatis-3-mapper.dtd">

<mapper namespace="com.dao.PeiyangfanganDao">

	<!-- 可根据自己的需求，是否要使用 -->
    <resultMap type="com.entity.PeiyangfanganEntity" id="peiyangfanganMap">
        <result property="fanganmingcheng" column="fanganmingcheng"/>
        <result property="fanganneirong" column="fanganneirong"/>
        <result property="fanganwenjian" column="fanganwenjian"/>
        <result property="fuzerenzhanghao" column="fuzerenzhanghao"/>
        <result property="fuzerenxingming" column="fuzerenxingming"/>
        <result property="lianxifangshi" column="lianxifangshi"/>
        <result property="jiaoshigonghao" column="jiaoshigonghao"/>
        <result property="jiaoshixingming" column="jiaoshixingming"/>
        <result property="lianxidianhua" column="lianxidianhua"/>
        <result property="zhuanye" column="zhuanye"/>
        <result property="nianji" column="nianji"/>
        <result property="crossuserid" column="crossuserid"/>
        <result property="crossrefid" column="crossrefid"/>
    </resultMap>

	<select id="selectListVO"
		resultType="com.entity.vo.PeiyangfanganVO" >
		SELECT * FROM peiyangfangan  peiyangfangan         
        <where> 1=1 ${ew.sqlSegment}</where>
	</select>
	
	<select id="selectVO"
		resultType="com.entity.vo.PeiyangfanganVO" >
		SELECT  peiyangfangan.* FROM peiyangfangan  peiyangfangan 	
 		<where> 1=1 ${ew.sqlSegment}</where>
	</select>

    <select id="selectListView"
		resultType="com.entity.view.PeiyangfanganView" >

		SELECT  peiyangfangan.* FROM peiyangfangan  peiyangfangan 	        
        <where> 1=1 ${ew.sqlSegment}</where>
	</select>
	
	<select id="selectView"
		resultType="com.entity.view.PeiyangfanganView" >
		SELECT * FROM peiyangfangan  peiyangfangan <where> 1=1 ${ew.sqlSegment}</where>
	</select>
	

    <select id="selectValue" resultType="map" >
        SELECT ${params.xColumn}, sum(${params.yColumn}) total FROM peiyangfangan
        <where> 1=1 ${ew.sqlSegment}</where>
        group by ${params.xColumn}
    </select>

    <select id="selectTimeStatValue" resultType="map" >
        <if test = 'params.timeStatType == "日"'>
                SELECT DATE_FORMAT(${params.xColumn},'%Y-%m-%d') ${params.xColumn}, sum(${params.yColumn}) total FROM peiyangfangan
                <where> 1=1 ${ew.sqlSegment}</where>
                group by DATE_FORMAT(${params.xColumn},'%Y-%m-%d')
        </if>
        <if test = 'params.timeStatType == "月"'>
                SELECT DATE_FORMAT(${params.xColumn},'%Y-%m') ${params.xColumn}, sum(${params.yColumn}) total FROM peiyangfangan
                <where> 1=1 ${ew.sqlSegment}</where>
                group by DATE_FORMAT(${params.xColumn},'%Y-%m')
        </if>
        <if test = 'params.timeStatType == "年"'>
                SELECT DATE_FORMAT(${params.xColumn},'%Y') ${params.xColumn}, sum(${params.yColumn}) total FROM peiyangfangan
                <where> 1=1 ${ew.sqlSegment}</where>
                group by DATE_FORMAT(${params.xColumn},'%Y')
        </if>
    </select>

    <select id="selectGroup" resultType="map" >
        SELECT ${params.column} , count(1) total FROM peiyangfangan
        <where> 1=1 ${ew.sqlSegment}</where>
        group by ${params.column}
    </select>
</mapper>
