<?xml version="1.0" encoding="UTF-8"?>
<!DOCTYPE mapper PUBLIC "-//mybatis.org//DTD Mapper 3.0//EN" "http://mybatis.org/dtd/mybatis-3-mapper.dtd">

<mapper namespace="com.dao.ZhuanyefuzerenDao">

	<!-- 可根据自己的需求，是否要使用 -->
    <resultMap type="com.entity.ZhuanyefuzerenEntity" id="zhuanyefuzerenMap">
        <result property="fuzerenzhanghao" column="fuzerenzhanghao"/>
        <result property="mima" column="mima"/>
        <result property="fuzerenxingming" column="fuzerenxingming"/>
        <result property="xingbie" column="xingbie"/>
        <result property="zhuanye" column="zhuanye"/>
        <result property="zhiwei" column="zhiwei"/>
        <result property="lianxifangshi" column="lianxifangshi"/>
    </resultMap>

	<select id="selectListVO"
		resultType="com.entity.vo.ZhuanyefuzerenVO" >
		SELECT * FROM zhuanyefuzeren  zhuanyefuzeren         
        <where> 1=1 ${ew.sqlSegment}</where>
	</select>
	
	<select id="selectVO"
		resultType="com.entity.vo.ZhuanyefuzerenVO" >
		SELECT  zhuanyefuzeren.* FROM zhuanyefuzeren  zhuanyefuzeren 	
 		<where> 1=1 ${ew.sqlSegment}</where>
	</select>

    <select id="selectListView"
		resultType="com.entity.view.ZhuanyefuzerenView" >

		SELECT  zhuanyefuzeren.* FROM zhuanyefuzeren  zhuanyefuzeren 	        
        <where> 1=1 ${ew.sqlSegment}</where>
	</select>
	
	<select id="selectView"
		resultType="com.entity.view.ZhuanyefuzerenView" >
		SELECT * FROM zhuanyefuzeren  zhuanyefuzeren <where> 1=1 ${ew.sqlSegment}</where>
	</select>
	

</mapper>
